author,date,image_urls,images,location,project,server,spider,tag,title,url
Megan Leonhardt,,https://image.cnbcfm.com/api/v1/image/106761713-1603725553359-gettyimages-1279110661-166785207.jpeg?v=1603725582&amp;w=680&amp;vtcrop=n&amp;ffmt=webp,,,,,,Your Money Mindset,Here's how to navigate your finances when the future is still so unclear,https://www.cnbc.com/2020/10/27/how-to-navigate-your-finances-when-the-future-is-still-so-unclear.html
,,https://image.cnbcfm.com/api/v1/image/106742182-1602604360807-travel-new-york-city-coffee-new-york-new-york-young-nyc-nyc-long-island-millennial_t20_BEO0XP.jpg?v=1602604456&amp;w=680&amp;vtcrop=n&amp;ffmt=webp,,,,,,Your Money Mindset,Personal finance advice relies on shame; what if we tried empathy? ,https://www.cnbc.com/2020/10/13/a-new-approach-to-personal-finance-advice-empathy-instead-of-shame.html
Megan Leonhardt,,https://image.cnbcfm.com/api/v1/image/106720012-1601305544052-gettyimages-1226246118-img_3828.jpeg?v=1601305571&amp;w=680&amp;vtcrop=n&amp;ffmt=webp,,,,,,Your Money Mindset,64% of Americans changed their spending habits during the pandemic—here's how,https://www.cnbc.com/2020/09/29/americans-have-changed-their-spending-habits-during-the-pandemic-heres-how.html
Alicia Adamczyk,,https://image.cnbcfm.com/api/v1/image/106715802-1600955217739-shopping-supermarket-retail-sales-coronavirus-corona-virus-coronavirus-world-outbreak_t20_4eEWzR.jpg?v=1600955250&amp;w=680&amp;vtcrop=n&amp;ffmt=webp,,,,,,Your Money Mindset,'Not knowing how long this will continue is daunting': How the coronavirus is impacting Gen Z,https://www.cnbc.com/2020/09/24/how-coronavirus-will-impact-gen-zs-careers-and-finances.html
Alicia Adamczyk,,https://image.cnbcfm.com/api/v1/image/106701795-1600113167452-convenient-home-food-delivery-in-quarantine-time-side-view-of-happy-woman-courier-in-protective-mask_t20_rL8wYZ.jpg?v=1600113237&amp;w=680&amp;vtcrop=n&amp;ffmt=webp,,,,,,Your Money Mindset,"Americans are generous in their charitable giving during Covid-19, but how they donate changed",https://www.cnbc.com/2020/09/15/how-individuals-in-the-us-helped-their-neighbors-through-covid-19.html
Megan Leonhardt,,https://image.cnbcfm.com/api/v1/image/106682511-1598626863226-gettyimages-1268398346-3dsc05843.jpeg?v=1598626901&amp;w=680&amp;vtcrop=n&amp;ffmt=webp,,,,,,Your Money Mindset,Applications for life insurance are on the rise—here's what you should know before you buy,https://www.cnbc.com/2020/09/01/what-to-know-about-buying-life-insurance-during-the-covid-19-pandemic.html
01:09,,https://image.cnbcfm.com/api/v1/image/105898364-makeit_190523_suzeorman_biggestsetback_mezz.jpg?v=1559575369&amp;w=680&amp;vtcrop=y&amp;ffmt=webp,,,,,,Earn,Suze Orman: This mindset can hold you back from building wealth,https://www.cnbc.com/video/2019/05/24/suze-orman-this-mindset-can-hold-you-back-from-building-wealth.html
"Emmie Martin, CFP®",,https://image.cnbcfm.com/api/v1/image/104524954-_Y2A6490.JPG?v=1585261416&amp;w=680&amp;vtcrop=n&amp;ffmt=webp,,,,,,Earn,Suze Orman: Your mindset could be holding you back from getting rich,https://www.cnbc.com/2019/05/24/suze-orman-your-mindset-could-be-holding-you-back-from-getting-rich.html
Kathleen Elkins,,https://image.cnbcfm.com/api/v1/image/105926008-1558474352466nup_185862_1557.jpg?v=1558474401&amp;w=680&amp;vtcrop=n&amp;ffmt=webp,,,,,,Earn,Here's how much money Americans think is enough to be 'financially comfortable',https://www.cnbc.com/2019/05/23/how-much-money-americans-think-is-enough-to-be-comfortable.html
Kathleen Elkins,,https://image.cnbcfm.com/api/v1/image/105927404-1558531422743gettyimages-510125810.jpeg?v=1558531470&amp;w=680&amp;vtcrop=n&amp;ffmt=webp,,,,,,Earn,Rihanna: 'I never thought I'd make this much money'—here's what it means to her,https://www.cnbc.com/2019/05/22/rihanna-i-never-thought-id-make-this-much-money.html
Kathleen Elkins,,https://image.cnbcfm.com/api/v1/image/105925442-1558458445861bird-capture-1b.jpg?v=1558534977&amp;w=680&amp;vtcrop=n&amp;ffmt=webp,,,,,,Earn,You can make hundreds of dollars a day charging electric scooters—here's how,https://www.cnbc.com/2019/05/22/how-to-make-money-charging-electric-scooters.html
Megan Leonhardt,,https://image.cnbcfm.com/api/v1/image/106720012-1601305544052-gettyimages-1226246118-img_3828.jpeg?v=1601305571&amp;w=680&amp;vtcrop=n&amp;ffmt=webp,,,,,,Your Money Mindset,64% of Americans changed their spending habits during the pandemic—here's how,https://www.cnbc.com/2020/09/29/americans-have-changed-their-spending-habits-during-the-pandemic-heres-how.html
Alicia Adamczyk,,https://image.cnbcfm.com/api/v1/image/106715802-1600955217739-shopping-supermarket-retail-sales-coronavirus-corona-virus-coronavirus-world-outbreak_t20_4eEWzR.jpg?v=1600955250&amp;w=680&amp;vtcrop=n&amp;ffmt=webp,,,,,,Your Money Mindset,'Not knowing how long this will continue is daunting': How the coronavirus is impacting Gen Z,https://www.cnbc.com/2020/09/24/how-coronavirus-will-impact-gen-zs-careers-and-finances.html
Alicia Adamczyk,,https://image.cnbcfm.com/api/v1/image/106701795-1600113167452-convenient-home-food-delivery-in-quarantine-time-side-view-of-happy-woman-courier-in-protective-mask_t20_rL8wYZ.jpg?v=1600113237&amp;w=680&amp;vtcrop=n&amp;ffmt=webp,,,,,,Your Money Mindset,"Americans are generous in their charitable giving during Covid-19, but how they donate changed",https://www.cnbc.com/2020/09/15/how-individuals-in-the-us-helped-their-neighbors-through-covid-19.html
Megan Leonhardt,,https://image.cnbcfm.com/api/v1/image/106682511-1598626863226-gettyimages-1268398346-3dsc05843.jpeg?v=1598626901&amp;w=680&amp;vtcrop=n&amp;ffmt=webp,,,,,,Your Money Mindset,Applications for life insurance are on the rise—here's what you should know before you buy,https://www.cnbc.com/2020/09/01/what-to-know-about-buying-life-insurance-during-the-covid-19-pandemic.html
01:09,,https://image.cnbcfm.com/api/v1/image/105898364-makeit_190523_suzeorman_biggestsetback_mezz.jpg?v=1559575369&amp;w=680&amp;vtcrop=y&amp;ffmt=webp,,,,,,Earn,Suze Orman: This mindset can hold you back from building wealth,https://www.cnbc.com/video/2019/05/24/suze-orman-this-mindset-can-hold-you-back-from-building-wealth.html
"Emmie Martin, CFP®",,https://image.cnbcfm.com/api/v1/image/104524954-_Y2A6490.JPG?v=1585261416&amp;w=680&amp;vtcrop=n&amp;ffmt=webp,,,,,,Earn,Suze Orman: Your mindset could be holding you back from getting rich,https://www.cnbc.com/2019/05/24/suze-orman-your-mindset-could-be-holding-you-back-from-getting-rich.html
Kathleen Elkins,,https://image.cnbcfm.com/api/v1/image/105926008-1558474352466nup_185862_1557.jpg?v=1558474401&amp;w=680&amp;vtcrop=n&amp;ffmt=webp,,,,,,Earn,Here's how much money Americans think is enough to be 'financially comfortable',https://www.cnbc.com/2019/05/23/how-much-money-americans-think-is-enough-to-be-comfortable.html
Kathleen Elkins,,https://image.cnbcfm.com/api/v1/image/105927404-1558531422743gettyimages-510125810.jpeg?v=1558531470&amp;w=680&amp;vtcrop=n&amp;ffmt=webp,,,,,,Earn,Rihanna: 'I never thought I'd make this much money'—here's what it means to her,https://www.cnbc.com/2019/05/22/rihanna-i-never-thought-id-make-this-much-money.html
Kathleen Elkins,,https://image.cnbcfm.com/api/v1/image/105925442-1558458445861bird-capture-1b.jpg?v=1558534977&amp;w=680&amp;vtcrop=n&amp;ffmt=webp,,,,,,Earn,You can make hundreds of dollars a day charging electric scooters—here's how,https://www.cnbc.com/2019/05/22/how-to-make-money-charging-electric-scooters.html
